sweep_id,dataset,model,model_hidden_layers,loss,id,validation_accuracy,parameter_1_name,parameter_1_value,parameter_2_name,parameter_2_value
8cxd66f8,water,bmlp,"[150, 1000, 150, 30]",scfe_regularization,1,0.6916030645370483,loss_alpha,-0.703783906863342,estimator_reg_coef_value,0.956063340334268
8cxd66f8,water,bmlp,"[150, 1000, 150, 30]",scfe_regularization,2,0.6900763511657715,loss_alpha,-0.48761863211804857,estimator_reg_coef_value,1.2322145053729308
8cxd66f8,water,bmlp,"[150, 1000, 150, 30]",scfe_regularization,3,0.6900763511657715,loss_alpha,-0.8321240201635872,estimator_reg_coef_value,1.8832497162496304
8cxd66f8,water,bmlp,"[150, 1000, 150, 30]",scfe_regularization,4,0.6854962110519409,loss_alpha,-0.672569027798573,estimator_reg_coef_value,1.5259337972639702
8cxd66f8,water,bmlp,"[150, 1000, 150, 30]",scfe_regularization,5,0.6854962110519409,loss_alpha,-0.6084484012242191,estimator_reg_coef_value,0.8441681718232699
8cxd66f8,water,bmlp,"[150, 1000, 150, 30]",scfe_regularization,6,0.6854962110519409,loss_alpha,-0.5531130597852822,estimator_reg_coef_value,1.8372289369496864
8cxd66f8,water,bmlp,"[150, 1000, 150, 30]",scfe_regularization,7,0.6854962110519409,loss_alpha,-0.4323514651909745,estimator_reg_coef_value,1.8249986860793888
8cxd66f8,water,bmlp,"[150, 1000, 150, 30]",scfe_regularization,8,0.6824427247047424,loss_alpha,-0.20235155329357069,estimator_reg_coef_value,0.1471764883668227
8cxd66f8,water,bmlp,"[150, 1000, 150, 30]",scfe_regularization,9,0.6809160113334656,loss_alpha,-0.3821159613328282,estimator_reg_coef_value,0.3024755164106264
8cxd66f8,water,bmlp,"[150, 1000, 150, 30]",scfe_regularization,10,0.6809160113334656,loss_alpha,-0.9456230065395744,estimator_reg_coef_value,2.1337817874914977
8cxd66f8,water,bmlp,"[150, 1000, 150, 30]",scfe_regularization,11,0.6809160113334656,loss_alpha,-0.8115419609524263,estimator_reg_coef_value,2.153520410051293
8cxd66f8,water,bmlp,"[150, 1000, 150, 30]",scfe_regularization,12,0.6809160113334656,loss_alpha,-0.5962272791553362,estimator_reg_coef_value,1.0647347601234474
8cxd66f8,water,bmlp,"[150, 1000, 150, 30]",scfe_regularization,13,0.6793892979621887,loss_alpha,-0.6611225018714102,estimator_reg_coef_value,1.6760032220316616
8cxd66f8,water,bmlp,"[150, 1000, 150, 30]",scfe_regularization,14,0.6793892979621887,loss_alpha,-0.48912280225368754,estimator_reg_coef_value,1.0523732314784315
8cxd66f8,water,bmlp,"[150, 1000, 150, 30]",scfe_regularization,15,0.6778625845909119,loss_alpha,-0.5047351457619238,estimator_reg_coef_value,2.282935246851082
8cxd66f8,water,bmlp,"[150, 1000, 150, 30]",scfe_regularization,16,0.6778625845909119,loss_alpha,-0.8662118539744612,estimator_reg_coef_value,2.2566522439509953
8cxd66f8,water,bmlp,"[150, 1000, 150, 30]",scfe_regularization,17,0.6778625845909119,loss_alpha,-0.8615157245890351,estimator_reg_coef_value,2.090551620015944
8cxd66f8,water,bmlp,"[150, 1000, 150, 30]",scfe_regularization,18,0.676335871219635,loss_alpha,-0.5792207337965048,estimator_reg_coef_value,1.57575555617471
8cxd66f8,water,bmlp,"[150, 1000, 150, 30]",scfe_regularization,19,0.6748091578483582,loss_alpha,-0.5950612520659486,estimator_reg_coef_value,0.8508900094617132
8cxd66f8,water,bmlp,"[150, 1000, 150, 30]",scfe_regularization,20,0.6748091578483582,loss_alpha,-0.997163394260175,estimator_reg_coef_value,2.2543919435142885
8cxd66f8,water,bmlp,"[150, 1000, 150, 30]",scfe_regularization,21,0.6748091578483582,loss_alpha,-0.23947337481302744,estimator_reg_coef_value,1.4261329443679212
8cxd66f8,water,bmlp,"[150, 1000, 150, 30]",scfe_regularization,22,0.6748091578483582,loss_alpha,-0.449904747913312,estimator_reg_coef_value,0.4058868139963272
8cxd66f8,water,bmlp,"[150, 1000, 150, 30]",scfe_regularization,23,0.6732824444770813,loss_alpha,-0.0732552285949174,estimator_reg_coef_value,0.8784581177424443
8cxd66f8,water,bmlp,"[150, 1000, 150, 30]",scfe_regularization,24,0.6732824444770813,loss_alpha,-0.20766352165155044,estimator_reg_coef_value,0.24778089143812243
8cxd66f8,water,bmlp,"[150, 1000, 150, 30]",scfe_regularization,25,0.6732824444770813,loss_alpha,-0.4898841173826579,estimator_reg_coef_value,0.9534153275739272
8cxd66f8,water,bmlp,"[150, 1000, 150, 30]",scfe_regularization,26,0.6732824444770813,loss_alpha,-0.23999433447185417,estimator_reg_coef_value,1.3018720776422903
8cxd66f8,water,bmlp,"[150, 1000, 150, 30]",scfe_regularization,27,0.6732824444770813,loss_alpha,-0.48110834069872566,estimator_reg_coef_value,2.0140835744910492
8cxd66f8,water,bmlp,"[150, 1000, 150, 30]",scfe_regularization,28,0.6732824444770813,loss_alpha,-0.47542988253198326,estimator_reg_coef_value,1.5943170824999082
8cxd66f8,water,bmlp,"[150, 1000, 150, 30]",scfe_regularization,29,0.6732824444770813,loss_alpha,-0.6399307687185549,estimator_reg_coef_value,0.9180647003545612
8cxd66f8,water,bmlp,"[150, 1000, 150, 30]",scfe_regularization,30,0.6732824444770813,loss_alpha,-0.16078823221715122,estimator_reg_coef_value,1.11539046248727
8cxd66f8,water,bmlp,"[150, 1000, 150, 30]",scfe_regularization,31,0.6732824444770813,loss_alpha,-0.4915107714151692,estimator_reg_coef_value,2.1118050139644375
8cxd66f8,water,bmlp,"[150, 1000, 150, 30]",scfe_regularization,32,0.6717557311058044,loss_alpha,-0.5009486502029827,estimator_reg_coef_value,1.6122168975031137
